{"N2": {"C": 0.0, "H": 0.0, "O": 0.0, "N": 1.0}, "O2": {"C": 0.0, "H": 0.0, "O": 1.0, "N": 0.0}, "H2": {"C": 0.0, "H": 1.0, "O": 0.0, "N": 0.0}, "H2O": {"C": 0.0, "H": 0.11189834407236524, "O": 0.8881016559276347, "N": 0.0}, "H2O2": {"C": 0.0, "H": 0.05926499970012948, "O": 0.9407350002998706, "N": 0.0}, "CO": {"C": 0.42880501528003884, "H": 0.0, "O": 0.5711949847199612, "N": 0.0}, "CO2": {"C": 0.27291648678248936, "H": 0.0, "O": 0.7270835132175106, "N": 0.0}, "CH2O": {"C": 0.40001625242953837, "H": 0.06713718782346664, "O": 0.5328465597469949, "N": 0.0}, "CH4": {"C": 0.7486866349680478, "H": 0.2513133650319521, "O": 0.0, "N": 0.0}, "CH3OH": {"C": 0.3748498852761487, "H": 0.12582672329206274, "O": 0.49932339143178867, "N": 0.0}, "CH3OOH": {"C": 0.25001269733955345, "H": 0.08392233724300377, "O": 0.6660649654174426, "N": 0.0}, "C2H2": {"C": 0.9225789503600139, "H": 0.07742104963998606, "O": 0.0, "N": 0.0}, "CH2CO": {"C": 0.5714451553478246, "H": 0.047954577460768165, "O": 0.38060026719140727, "N": 0.0}, "C2H4": {"C": 0.8562845051786285, "H": 0.14371549482137155, "O": 0.0, "N": 0.0}, "C2H6": {"C": 0.7988788691849985, "H": 0.20112113081500146, "O": 0.0, "N": 0.0}, "C2H3CHO": {"C": 0.6427100664667053, "H": 0.07191332216517647, "O": 0.2853766113681182, "N": 0.0}, "C3H6": {"C": 0.8562845051786284, "H": 0.14371549482137153, "O": 0.0, "N": 0.0}, "C4H4": {"C": 0.9225789503600139, "H": 0.07742104963998606, "O": 0.0, "N": 0.0}, "CYC5H6": {"C": 0.9085113695912901, "H": 0.09148863040870986, "O": 0.0, "N": 0.0}, "C6H4O2": {"C": 0.66668171494079, "H": 0.0372977641471662, "O": 0.2960205209120438, "N": 0.0}, "C6H6": {"C": 0.9225789503600139, "H": 0.07742104963998606, "O": 0.0, "N": 0.0}, "C6H5OH": {"C": 0.765738732910976, "H": 0.06425932049373817, "O": 0.17000194659528584, "N": 0.0}, "CRESOL": {"C": 0.7774834677147903, "H": 0.07456561832115283, "O": 0.14795091396405693, "N": 0.0}, "C10H8": {"C": 0.9370890336787192, "H": 0.06291096632128072, "O": 0.0, "N": 0.0}, "C10H7OH": {"C": 0.8330968118007183, "H": 0.05592950465316234, "O": 0.1109736835461195, "N": 0.0}, "DIBZFUR": {"C": 0.8569343235812354, "H": 0.04794151928013046, "O": 0.09512415713863415, "N": 0.0}, "O": {"C": 0.0, "H": 0.0, "O": 1.0, "N": 0.0}, "H": {"C": 0.0, "H": 1.0, "O": 0.0, "N": 0.0}, "OH": {"C": 0.0, "H": 0.05926499970012948, "O": 0.9407350002998706, "N": 0.0}, "HO2": {"C": 0.0, "H": 0.03053739933116691, "O": 0.969462600668833, "N": 0.0}, "CH": {"C": 0.9225789503600139, "H": 0.07742104963998606, "O": 0.0, "N": 0.0}, "HCO": {"C": 0.41391065098830604, "H": 0.034734585093427126, "O": 0.5513547639182669, "N": 0.0}, "CH2": {"C": 0.8562845051786285, "H": 0.14371549482137155, "O": 0.0, "N": 0.0}, "CH2S": {"C": 0.8562845051786285, "H": 0.14371549482137155, "O": 0.0, "N": 0.0}, "CH3": {"C": 0.7988788691849985, "H": 0.20112113081500146, "O": 0.0, "N": 0.0}, "CH3O": {"C": 0.38702438791759547, "H": 0.09743502494987792, "O": 0.5155405871325266, "N": 0.0}, "CH3OO": {"C": 0.25537052006628447, "H": 0.0642906074420808, "O": 0.6803388724916347, "N": 0.0}, "C2H": {"C": 0.9597306266015819, "H": 0.04026937339841806, "O": 0.0, "N": 0.0}, "HCCO": {"C": 0.5854834613474162, "H": 0.024566322538944085, "O": 0.38995021611363967, "N": 0.0}, "C2H3": {"C": 0.8881964015141711, "H": 0.11180359848582887, "O": 0.0, "N": 0.0}, "CH2CHO": {"C": 0.5580642868127982, "H": 0.0702475210952575, "O": 0.3716881920919442, "N": 0.0}, "CH3CO": {"C": 0.5580642868127982, "H": 0.0702475210952575, "O": 0.3716881920919442, "N": 0.0}, "C2H5": {"C": 0.8265861942006145, "H": 0.17341380579938545, "O": 0.0, "N": 0.0}, "C3H3": {"C": 0.9225789503600139, "H": 0.07742104963998606, "O": 0.0, "N": 0.0}, "CH2CHCH2": {"C": 0.8772980592948602, "H": 0.12270194070513991, "O": 0.0, "N": 0.0}, "C4H5": {"C": 0.9050612523241598, "H": 0.09493874767584023, "O": 0.0, "N": 0.0}, "CYC5H5": {"C": 0.922578950360014, "H": 0.07742104963998606, "O": 0.0, "N": 0.0}, "C6H5": {"C": 0.9346390733758984, "H": 0.06536092662410171, "O": 0.0, "N": 0.0}, "C6H5O": {"C": 0.7740284903834485, "H": 0.0541291508198799, "O": 0.17184235879667173, "N": 0.0}, "RCRESOLO": {"C": 0.784798339394082, "H": 0.06585876598192249, "O": 0.14934289462399555, "N": 0.0}, "RCRESOLC": {"C": 0.784798339394082, "H": 0.06585876598192249, "O": 0.14934289462399555, "N": 0.0}, "C10H7O": {"C": 0.8389621540128039, "H": 0.049282862331276836, "O": 0.11175498365591921, "N": 0.0}, "char": {"C": 1, "H": 0, "N": 0, "O": 1}}