{"N2": {"N": 2.0, "hf": -726303.3473698762, "mw": 28.01348}, "O2": {"O": 2.0, "hf": -745984.8293894589, "mw": 31.9988}, "H2": {"H": 2.0, "hf": -713622.4278055639, "mw": 2.01588}, "H2O": {"H": 2.0, "O": 1.0, "hf": -242656608.75193593, "mw": 18.01528}, "H2O2": {"H": 2.0, "O": 2.0, "hf": -137186792.19878542, "mw": 34.01468}, "CO": {"C": 1.0, "O": 1.0, "hf": -111269854.4885754, "mw": 28.010399999999997}, "CO2": {"C": 1.0, "O": 2.0, "hf": -394493608.3864248, "mw": 44.0098}, "CH2O": {"C": 1.0, "H": 2.0, "O": 1.0, "hf": -116786374.05689877, "mw": 30.02628}, "CH4": {"C": 1.0, "H": 4.0, "hf": -75719049.74772242, "mw": 16.04276}, "CH3OH": {"C": 1.0, "H": 4.0, "O": 1.0, "hf": -202211188.8766253, "mw": 32.042159999999996}, "CH3OOH": {"C": 1.0, "H": 4.0, "O": 2.0, "hf": -134241751.83553445, "mw": 48.041560000000004}, "C2H2": {"C": 2.0, "H": 2.0, "hf": 225675631.4584008, "mw": 26.037879999999998}, "CH2CO": {"C": 2.0, "H": 2.0, "O": 1.0, "hf": -53143127.07664049, "mw": 42.037279999999996}, "C2H4": {"C": 2.0, "H": 4.0, "hf": 51363743.9669148, "mw": 28.053759999999997}, "C2H6": {"C": 2.0, "H": 6.0, "hf": -85291017.47428614, "mw": 30.06964}, "C2H3CHO": {"C": 3.0, "H": 4.0, "O": 1.0, "hf": -86749891.68444662, "mw": 56.06416}, "C3H6": {"C": 3.0, "H": 6.0, "hf": 18762973.072615568, "mw": 42.08064}, "C4H4": {"C": 4.0, "H": 4.0, "hf": 282759041.6184042, "mw": 52.075759999999995}, "CYC5H6": {"C": 5.0, "H": 6.0, "hf": 132449956.22010162, "mw": 66.10264}, "C6H4O2": {"C": 6.0, "H": 4.0, "O": 2.0, "hf": -122909860.94946355, "mw": 108.09656000000001}, "C6H6": {"C": 6.0, "H": 6.0, "hf": 80798204.93456426, "mw": 78.11364}, "C6H5OH": {"C": 6.0, "H": 6.0, "O": 1.0, "hf": -98852565.94607675, "mw": 94.11304}, "CRESOL": {"C": 7.0, "H": 8.0, "O": 1.0, "hf": -131837013.30891767, "mw": 108.13991999999999}, "C10H8": {"C": 10.0, "H": 8.0, "hf": 147382259.68399394, "mw": 128.17352}, "C10H7OH": {"C": 10.0, "H": 8.0, "O": 1.0, "hf": -29360999.081343397, "mw": 144.17291999999998}, "DIBZFUR": {"C": 12.0, "H": 8.0, "O": 1.0, "hf": 51239272.97121388, "mw": 168.19492}, "O": {"O": 1.0, "hf": 248646628.6065995, "mw": 15.9994}, "H": {"H": 1.0, "hf": 217457439.49885103, "mw": 1.00794}, "OH": {"H": 1.0, "O": 1.0, "hf": 36557349.09437831, "mw": 17.00734}, "HO2": {"H": 1.0, "O": 2.0, "hf": 11674365.008064974, "mw": 33.00674}, "CH": {"C": 1.0, "H": 1.0, "hf": 593494459.9891851, "mw": 13.018939999999999}, "HCO": {"C": 1.0, "H": 1.0, "O": 1.0, "hf": 42654001.891686745, "mw": 29.01834}, "CH2": {"C": 1.0, "H": 2.0, "hf": 386129177.8295367, "mw": 14.026879999999998}, "CH2S": {"C": 1.0, "H": 2.0, "hf": 423876160.5355792, "mw": 14.026879999999998}, "CH3": {"C": 1.0, "H": 3.0, "hf": 144757422.03224516, "mw": 15.03482}, "CH3O": {"C": 1.0, "H": 3.0, "O": 1.0, "hf": 15343894.02717214, "mw": 31.034219999999998}, "CH3OO": {"C": 1.0, "H": 3.0, "O": 2.0, "hf": 16559710.244934764, "mw": 47.03362}, "C2H": {"C": 2.0, "H": 1.0, "hf": 565179141.4380652, "mw": 25.02994}, "HCCO": {"C": 2.0, "H": 1.0, "O": 1.0, "hf": 176217337.65973097, "mw": 41.02934}, "C2H3": {"C": 2.0, "H": 3.0, "hf": 285212802.9483038, "mw": 27.04582}, "CH2CHO": {"C": 2.0, "H": 3.0, "O": 1.0, "hf": 13376310.25067483, "mw": 43.04522}, "CH3CO": {"C": 2.0, "H": 3.0, "O": 1.0, "hf": -23993041.101126768, "mw": 43.04522}, "C2H5": {"C": 2.0, "H": 5.0, "hf": 115964681.18933825, "mw": 29.0617}, "C3H3": {"C": 3.0, "H": 3.0, "hf": 345724200.3699961, "mw": 39.05682}, "CH2CHCH2": {"C": 3.0, "H": 5.0, "hf": 163191727.92800626, "mw": 41.0727}, "C4H5": {"C": 4.0, "H": 5.0, "hf": 357944930.44535327, "mw": 53.08369999999999}, "CYC5H5": {"C": 5.0, "H": 5.0, "hf": 259444768.96503833, "mw": 65.09469999999999}, "C6H5": {"C": 6.0, "H": 5.0, "hf": 329889693.50609654, "mw": 77.1057}, "C6H5O": {"C": 6.0, "H": 5.0, "O": 1.0, "hf": 51682304.29509398, "mw": 93.1051}, "RCRESOLO": {"C": 7.0, "H": 7.0, "O": 1.0, "hf": 12713146.518006304, "mw": 107.13198}, "RCRESOLC": {"C": 7.0, "H": 7.0, "O": 1.0, "hf": 18871551.061208766, "mw": 107.13198}, "C10H7O": {"C": 10.0, "H": 7.0, "O": 1.0, "hf": 114700934.05449198, "mw": 143.16497999999999},
 "char": {"C": 1.0, "hf": -101.268, "mw": 12.010999999999999}}
